{"count":1,"self":46.609833599999995,"total":48.947340399999995,"children":{"InitializeActuators":{"count":1,"self":0.0015061,"total":0.0015061,"children":null},"InitializeSensors":{"count":1,"self":0.0015068,"total":0.0015068,"children":null},"AgentSendState":{"count":1700,"self":0.1991793,"total":1.5735645999999999,"children":{"CollectObservations":{"count":1700,"self":0.94568849999999993,"total":0.94568849999999993,"children":null},"WriteActionMask":{"count":1700,"self":0.0081862999999999988,"total":0.0081862999999999988,"children":null},"RequestDecision":{"count":1700,"self":0.42051049999999995,"total":0.42051049999999995,"children":null}}},"DecideAction":{"count":1700,"self":0.44525729999999997,"total":0.44525729999999997,"children":null},"AgentAct":{"count":1700,"self":0.3156716,"total":0.3156716,"children":null}},"gauges":{"CuttingAgent3D.CumulativeReward":{"count":2,"max":8.546893,"min":0.42656365,"runningAverage":4.486728,"value":0.42656365,"weightedAverage":6.516811}},"metadata":{"timer_format_version":"0.1.0","start_time_seconds":"1727292504","unity_version":"2022.3.20f1","command_line_arguments":"C:\\Program Files\\Unity\\Hub\\Editor\\2022.3.20f1\\Editor\\Unity.exe -projectpath C:\\Users\\anura\\OneDrive\\Desktop\\KAALA VR\\MeshGenerator -useHub -hubIPC -cloudEnvironment production -licensingIpc LicenseClient-anura -hubSessionId 0b9babda-4080-4b2b-a913-40624fb531a2 -accessToken bozwdTLzr28pQXHfm078OaACy--EnHeB20Oi4nClIHA00cf","communication_protocol_version":"1.5.0","com.unity.ml-agents_version":"2.0.1","scene_name":"SampleScene","end_time_seconds":"1727292553"}}